year,state,state_po,candidate,party_detailed,candidatevotes,totalvotes
2016,ALABAMA,AL,"TRUMP, DONALD J.",REPUBLICAN,1318255,2123372
2016,ALABAMA,AL,"CLINTON, HILLARY",DEMOCRAT,729547,2123372
2016,ALABAMA,AL,"JOHNSON, GARY",LIBERTARIAN,44467,2123372
2016,ALABAMA,AL,"STEIN, JILL",GREEN,9391,2123372
2016,ALASKA,AK,"TRUMP, DONALD J.",REPUBLICAN,163387,318608
2016,ALASKA,AK,"CLINTON, HILLARY",DEMOCRAT,116454,318608
2016,ALASKA,AK,"JOHNSON, GARY",LIBERTARIAN,18725,318608
2016,ALASKA,AK,"STEIN, JILL",GREEN,5735,318608
2016,ALASKA,AK,"CASTLE, DARRELL L.",CONSTITUTION PARTY,3866,318608
2016,ALASKA,AK,"DE LA FUENTE, ROQUE """"ROCKY""""",NO PARTY AFFILIATION,1240,318608
2016,ARIZONA,AZ,"TRUMP, DONALD J.",REPUBLICAN,1252401,2573165
2016,ARIZONA,AZ,"CLINTON, HILLARY",DEMOCRAT,1161167,2573165
2016,ARIZONA,AZ,"JOHNSON, GARY",LIBERTARIAN,106327,2573165
2016,ARIZONA,AZ,"STEIN, JILL",GREEN,34345,2573165
2016,ARIZONA,AZ,"CASTLE, DARRELL L.",CONSTITUTION PARTY,1058,2573165
2016,ARIZONA,AZ,"DE LA FUENTE, ROQUE """"ROCKY""""",AMERICAN DELTA PARTY,29,2573165
2016,ARIZONA,AZ,"TITTLE, SHEILA """"SAMM""""",WE THE PEOPLE,12,2573165
2016,ARKANSAS,AR,"TRUMP, DONALD J.",REPUBLICAN,684872,1130635
2016,ARKANSAS,AR,"CLINTON, HILLARY",DEMOCRAT,380494,1130635
2016,ARKANSAS,AR,"JOHNSON, GARY",LIBERTARIAN,29829,1130635
2016,ARKANSAS,AR,"MCMULLIN, EVAN",BETTER FOR AMERICA,13255,1130635
2016,ARKANSAS,AR,"STEIN, JILL",GREEN,9473,1130635
2016,ARKANSAS,AR,"HEDGES, JIM",PROHIBITION,4709,1130635
2016,ARKANSAS,AR,"CASTLE, DARRELL L.",CONSTITUTION PARTY,4613,1130635
2016,ARKANSAS,AR,"KAHN, LYNN S.",INDEPENDENT,3390,1130635
2016,CALIFORNIA,CA,"CLINTON, HILLARY",DEMOCRAT,8753788,14181595
2016,CALIFORNIA,CA,"TRUMP, DONALD J.",REPUBLICAN,4483810,14181595
2016,CALIFORNIA,CA,"JOHNSON, GARY",LIBERTARIAN,478500,14181595
2016,CALIFORNIA,CA,"STEIN, JILL",GREEN,278657,14181595
2016,CALIFORNIA,CA,"LA RIVA, GLORIA ESTELLA",PEACE & FREEDOM,66101,14181595
2016,COLORADO,CO,"CLINTON, HILLARY",DEMOCRAT,1338870,2780220
2016,COLORADO,CO,"TRUMP, DONALD J.",REPUBLICAN,1202484,2780220
2016,COLORADO,CO,"JOHNSON, GARY",LIBERTARIAN,144121,2780220
2016,COLORADO,CO,"STEIN, JILL",GREEN,38437,2780220
2016,COLORADO,CO,SCATTERING,UNAFFILIATED,31485,2780220
2016,COLORADO,CO,"CASTLE, DARRELL L.",AMERICAN CONSTITUTION PARTY,11699,2780220
2016,COLORADO,CO,"KENISTON, CHRIS",VETERANS PARTY OF AMERICA,5028,2780220
2016,COLORADO,CO,"DE LA FUENTE, ROQUE """"ROCKY""""",AMERICAN DELTA PARTY,1255,2780220
2016,COLORADO,CO,"KOPITKE, KYLE KENLEY",INDEPENDENT AMERICAN,1096,2780220
2016,COLORADO,CO,"MALDONADO, JOSEPH ALLEN",INDEPENDENT PEOPLE OF COLORADO,872,2780220
2016,COLORADO,CO,"MATUREN, MICHAEL A.",AMERICAN SOLIDARITY PARTY,862,2780220
2016,COLORADO,CO,"SILVA, ROD",NUTRITION PARTY,751,2780220
2016,COLORADO,CO,"HOEFLING, TOM",AMERICA'S PARTY,710,2780220
2016,COLORADO,CO,"LA RIVA, GLORIA ESTELLA",SOCIALISM AND LIBERATION PARTY,531,2780220
2016,COLORADO,CO,"KENNEDY, ALYSON",SOCIALIST WORKERS,452,2780220
2016,COLORADO,CO,"KOTLIKOFF, LAURENCE",KOTLIKOFF FOR PRESIDENT,392,2780220
2016,COLORADO,CO,"LYTTLE, BRADFORD",NONVIOLENT RESISTANCE/PACIFIST,382,2780220
2016,COLORADO,CO,"ATWOOD, FRANK",APPROVAL VOTING PARTY,337,2780220
2016,COLORADO,CO,"EMIDIO """"MIMI"""", SOLTYSIK",SOCIALIST PARTY USA,271,2780220
2016,COLORADO,CO,"HEDGES, JAMES",PROHIBITION,185,2780220
2016,CONNECTICUT,CT,"CLINTON, HILLARY",DEMOCRAT,897572,1644920
2016,CONNECTICUT,CT,"TRUMP, DONALD J.",REPUBLICAN,673215,1644920
2016,CONNECTICUT,CT,"JOHNSON, GARY",LIBERTARIAN,48676,1644920
2016,CONNECTICUT,CT,"STEIN, JILL",GREEN,22841,1644920
2016,DELAWARE,DE,"CLINTON, HILLARY",DEMOCRAT,235603,441590
2016,DELAWARE,DE,"TRUMP, DONALD J.",REPUBLICAN,185127,441590
2016,DELAWARE,DE,"JOHNSON, GARY",LIBERTARIAN,14757,441590
2016,DELAWARE,DE,"STEIN, JILL",GREEN,6103,441590
2016,DISTRICT OF COLUMBIA,DC,"CLINTON, HILLARY",DEMOCRAT,282830,312575
2016,DISTRICT OF COLUMBIA,DC,"TRUMP, DONALD J.",REPUBLICAN,12723,312575
2016,DISTRICT OF COLUMBIA,DC,"JOHNSON, GARY",LIBERTARIAN,4906,312575
2016,DISTRICT OF COLUMBIA,DC,"STEIN, JILL",GREEN,4258,312575
2016,FLORIDA,FL,"TRUMP, DONALD J.",REPUBLICAN,4617886,9420039
2016,FLORIDA,FL,"CLINTON, HILLARY",DEMOCRAT,4504975,9420039
2016,FLORIDA,FL,"JOHNSON, GARY",LIBERTARIAN,207043,9420039
2016,FLORIDA,FL,"STEIN, JILL",GREEN,64399,9420039
2016,FLORIDA,FL,"CASTLE, DARRELL L.",CONSTITUTION PARTY,16475,9420039
2016,FLORIDA,FL,"DE LA FUENTE, ROQUE """"ROCKY""""",REFORM PARTY,9108,9420039
2016,GEORGIA,GA,"TRUMP, DONALD J.",REPUBLICAN,2089104,4114732
2016,GEORGIA,GA,"CLINTON, HILLARY",DEMOCRAT,1877963,4114732
2016,GEORGIA,GA,"JOHNSON, GARY",LIBERTARIAN,125306,4114732
2016,HAWAII,HI,"CLINTON, HILLARY",DEMOCRAT,266891,437664
2016,HAWAII,HI,"TRUMP, DONALD J.",REPUBLICAN,128847,437664
2016,HAWAII,HI,"JOHNSON, GARY",LIBERTARIAN,15954,437664
2016,HAWAII,HI,"STEIN, JILL",GREEN,12737,437664
2016,HAWAII,HI,"CASTLE, DARRELL L.",CONSTITUTION PARTY,4508,437664
2016,IDAHO,ID,"TRUMP, DONALD J.",REPUBLICAN,409055,690255
2016,IDAHO,ID,"CLINTON, HILLARY",DEMOCRAT,189765,690255
2016,IDAHO,ID,"MCMULLIN, EVAN",INDEPENDENT,60748,690255
2016,IDAHO,ID,"JOHNSON, GARY",LIBERTARIAN,28331,690255
2016,IDAHO,ID,"CASTLE, DARRELL L.",CONSTITUTION PARTY,2356,690255
2016,ILLINOIS,IL,"CLINTON, HILLARY",DEMOCRAT,3090729,5536424
2016,ILLINOIS,IL,"TRUMP, DONALD J.",REPUBLICAN,2146015,5536424
2016,ILLINOIS,IL,"JOHNSON, GARY",LIBERTARIAN,209596,5536424
2016,ILLINOIS,IL,"STEIN, JILL",GREEN,76802,5536424
2016,INDIANA,IN,"TRUMP, DONALD J.",REPUBLICAN,1557286,2734958
2016,INDIANA,IN,"CLINTON, HILLARY",DEMOCRAT,1033126,2734958
2016,INDIANA,IN,"JOHNSON, GARY",LIBERTARIAN,133993,2734958
2016,INDIANA,IN,"CASTLE, DARRELL L.",CONSTITUTION PARTY,1937,2734958
2016,INDIANA,IN,"EMIDIO """"MIMI"""", SOLTYSIK",SOCIALIST PARTY USA,57,2734958
2016,IOWA,IA,"TRUMP, DONALD J.",REPUBLICAN,800983,1565580
2016,IOWA,IA,"CLINTON, HILLARY",DEMOCRAT,653669,1565580
2016,IOWA,IA,"JOHNSON, GARY",LIBERTARIAN,59186,1565580
2016,IOWA,IA,"MCMULLIN, EVAN",NOMINATED BY PETITION,12366,1565580
2016,IOWA,IA,"STEIN, JILL",GREEN,11479,1565580
2016,IOWA,IA,"CASTLE, DARRELL L.",CONSTITUTION PARTY,5335,1565580
2016,IOWA,IA,"KAHN, LYNN S.",NEW INDEPENDENT PARTY IOWA,2247,1565580
2016,IOWA,IA,"VACEK, DAN",LEGAL MARIJUANA NOW,2246,1565580
2016,IOWA,IA,"LA RIVA, GLORIA ESTELLA",SOCIALISM AND LIBERATION PARTY,323,1565580
2016,KANSAS,KS,"TRUMP, DONALD J.",REPUBLICAN,671018,1184402
2016,KANSAS,KS,"CLINTON, HILLARY",DEMOCRAT,427005,1184402
2016,KANSAS,KS,"JOHNSON, GARY",LIBERTARIAN,55406,1184402
2016,KANSAS,KS,"STEIN, JILL",INDEPENDENT,23506,1184402
2016,KENTUCKY,KY,"TRUMP, DONALD J.",REPUBLICAN,1202971,1924149
2016,KENTUCKY,KY,"CLINTON, HILLARY",DEMOCRAT,628854,1924149
2016,KENTUCKY,KY,"JOHNSON, GARY",LIBERTARIAN,53752,1924149
2016,KENTUCKY,KY,"MCMULLIN, EVAN",INDEPENDENT,22780,1924149
2016,KENTUCKY,KY,"STEIN, JILL",GREEN,13913,1924149
2016,KENTUCKY,KY,"DE LA FUENTE, ROQUE """"ROCKY""""",AMERICAN DELTA PARTY,1128,1924149
2016,LOUISIANA,LA,"TRUMP, DONALD J.",REPUBLICAN,1178638,2029032
2016,LOUISIANA,LA,"CLINTON, HILLARY",DEMOCRAT,780154,2029032
2016,LOUISIANA,LA,"JOHNSON, GARY",LIBERTARIAN,37978,2029032
2016,LOUISIANA,LA,"STEIN, JILL",GREEN,14031,2029032
2016,MAINE,ME,"CLINTON, HILLARY",DEMOCRAT,357735,771892
2016,MAINE,ME,"TRUMP, DONALD J.",REPUBLICAN,335593,771892
2016,MAINE,ME,"JOHNSON, GARY",LIBERTARIAN,38105,771892
2016,MAINE,ME,"STEIN, JILL",GREEN,14251,771892
2016,MARYLAND,MD,"CLINTON, HILLARY",DEMOCRAT,1677928,2781446
2016,MARYLAND,MD,"TRUMP, DONALD J.",REPUBLICAN,943169,2781446
2016,MARYLAND,MD,"JOHNSON, GARY",LIBERTARIAN,79605,2781446
2016,MARYLAND,MD,"STEIN, JILL",GREEN,35945,2781446
2016,MARYLAND,MD,"TRUMP, DONALD J.",REPUBLICAN,259,2781446
2016,MARYLAND,MD,"CLINTON, HILLARY",DEMOCRAT,78,2781446
2016,MASSACHUSETTS,MA,"CLINTON, HILLARY",DEMOCRAT,1995196,3378821
2016,MASSACHUSETTS,MA,"TRUMP, DONALD J.",REPUBLICAN,1090893,3378821
2016,MASSACHUSETTS,MA,"JOHNSON, GARY",LIBERTARIAN,138018,3378821
2016,MASSACHUSETTS,MA,"STEIN, JILL",GREEN,47661,3378821
2016,MICHIGAN,MI,"TRUMP, DONALD J.",REPUBLICAN,2279543,4799284
2016,MICHIGAN,MI,"CLINTON, HILLARY",DEMOCRAT,2268839,4799284
2016,MICHIGAN,MI,"JOHNSON, GARY",LIBERTARIAN,172136,4799284
2016,MICHIGAN,MI,"STEIN, JILL",GREEN,51463,4799284
2016,MICHIGAN,MI,"CASTLE, DARRELL L.",U.S. TAXPAYERS PARTY,16139,4799284
2016,MICHIGAN,MI,"EMIDIO """"MIMI"""", SOLTYSIK",NATURAL LAW,2209,4799284
2016,MINNESOTA,MN,"CLINTON, HILLARY",DEMOCRAT,1367705,2944782
2016,MINNESOTA,MN,"TRUMP, DONALD J.",REPUBLICAN,1322949,2944782
2016,MINNESOTA,MN,"JOHNSON, GARY",LIBERTARIAN,112972,2944782
2016,MINNESOTA,MN,"MCMULLIN, EVAN",INDEPENDENCE,53075,2944782
2016,MINNESOTA,MN,"STEIN, JILL",GREEN,36986,2944782
2016,MINNESOTA,MN,"VACEK, DAN",LEGAL MARIJUANA NOW,11291,2944782
2016,MINNESOTA,MN,"CASTLE, DARRELL L.",CONSTITUTION PARTY,9456,2944782
2016,MINNESOTA,MN,"KENNEDY, ALYSON",SOCIALIST WORKERS,1671,2944782
2016,MINNESOTA,MN,"DE LA FUENTE, ROQUE """"ROCKY""""",AMERICAN DELTA PARTY,1430,2944782
2016,MISSISSIPPI,MS,"TRUMP, DONALD J.",REPUBLICAN,700714,1209357
2016,MISSISSIPPI,MS,"CLINTON, HILLARY",DEMOCRAT,485131,1209357
2016,MISSISSIPPI,MS,"JOHNSON, GARY",LIBERTARIAN,14435,1209357
2016,MISSISSIPPI,MS,"CASTLE, DARRELL L.",CONSTITUTION PARTY,3987,1209357
2016,MISSISSIPPI,MS,"STEIN, JILL",GREEN,3731,1209357
2016,MISSISSIPPI,MS,"HEDGES, JAMES",PROHIBITION,715,1209357
2016,MISSISSIPPI,MS,"DE LA FUENTE, ROQUE """"ROCKY""""",AMERICAN DELTA PARTY,644,1209357
2016,MISSOURI,MO,"TRUMP, DONALD J.",REPUBLICAN,1594511,2808605
2016,MISSOURI,MO,"CLINTON, HILLARY",DEMOCRAT,1071068,2808605
2016,MISSOURI,MO,"JOHNSON, GARY",LIBERTARIAN,97359,2808605
2016,MISSOURI,MO,"STEIN, JILL",GREEN,25419,2808605
2016,MISSOURI,MO,"CASTLE, DARRELL L.",CONSTITUTION PARTY,13092,2808605
2016,MONTANA,MT,"TRUMP, DONALD J.",REPUBLICAN,279240,494526
2016,MONTANA,MT,"CLINTON, HILLARY",DEMOCRAT,177709,494526
2016,MONTANA,MT,"JOHNSON, GARY",LIBERTARIAN,28037,494526
2016,MONTANA,MT,"STEIN, JILL",GREEN,7970,494526
2016,MONTANA,MT,"DE LA FUENTE, ROQUE """"ROCKY""""",AMERICAN DELTA PARTY,1570,494526
2016,NEBRASKA,NE,"TRUMP, DONALD J.",REPUBLICAN,495961,844227
2016,NEBRASKA,NE,"CLINTON, HILLARY",DEMOCRAT,284494,844227
2016,NEBRASKA,NE,"JOHNSON, GARY",LIBERTARIAN,38946,844227
2016,NEBRASKA,NE,"STEIN, JILL",NOMINATED BY PETITION,8775,844227
2016,NEVADA,NV,"CLINTON, HILLARY",DEMOCRAT,539260,1125385
2016,NEVADA,NV,"TRUMP, DONALD J.",REPUBLICAN,512058,1125385
2016,NEVADA,NV,"JOHNSON, GARY",LIBERTARIAN,37384,1125385
2016,NEVADA,NV,"KOPITKE, KYLE KENLEY",INDEPENDENT AMERICAN,5268,1125385
2016,NEVADA,NV,"DE LA FUENTE, ROQUE """"ROCKY""""",NO PARTY AFFILIATION,2552,1125385
2016,NEW HAMPSHIRE,NH,"CLINTON, HILLARY",DEMOCRAT,348526,744296
2016,NEW HAMPSHIRE,NH,"TRUMP, DONALD J.",REPUBLICAN,345790,744296
2016,NEW HAMPSHIRE,NH,"JOHNSON, GARY",LIBERTARIAN,30777,744296
2016,NEW HAMPSHIRE,NH,"STEIN, JILL",GREEN,6496,744296
2016,NEW HAMPSHIRE,NH,"DE LA FUENTE, ROQUE """"ROCKY""""",AMERICAN DELTA PARTY,678,744296
2016,NEW JERSEY,NJ,"CLINTON, HILLARY",DEMOCRAT,2148278,3874046
2016,NEW JERSEY,NJ,"TRUMP, DONALD J.",REPUBLICAN,1601933,3874046
2016,NEW JERSEY,NJ,"JOHNSON, GARY",LIBERTARIAN,72477,3874046
2016,NEW JERSEY,NJ,"STEIN, JILL",GREEN,37772,3874046
2016,NEW JERSEY,NJ,"CASTLE, DARRELL L.",CONSTITUTION PARTY,6161,3874046
2016,NEW JERSEY,NJ,"KENNEDY, ALYSON",SOCIALIST WORKERS,2156,3874046
2016,NEW JERSEY,NJ,"DE LA FUENTE, ROQUE """"ROCKY""""",AMERICAN DELTA PARTY,1838,3874046
2016,NEW JERSEY,NJ,"MOOREHEAD, MONICA",WORKERS WORLD PARTY,1749,3874046
2016,NEW JERSEY,NJ,"LA RIVA, GLORIA ESTELLA",SOCIALISM AND LIBERATION PARTY,1682,3874046
2016,NEW MEXICO,NM,"CLINTON, HILLARY",DEMOCRAT,385234,798319
2016,NEW MEXICO,NM,"TRUMP, DONALD J.",REPUBLICAN,319667,798319
2016,NEW MEXICO,NM,"JOHNSON, GARY",LIBERTARIAN,74541,798319
2016,NEW MEXICO,NM,"STEIN, JILL",GREEN,9879,798319
2016,NEW MEXICO,NM,"MCMULLIN, EVAN",BETTER FOR AMERICA,5825,798319
2016,NEW MEXICO,NM,"CASTLE, DARRELL L.",CONSTITUTION PARTY,1514,798319
2016,NEW MEXICO,NM,"LA RIVA, GLORIA ESTELLA",SOCIALISM AND LIBERATION PARTY,1184,798319
2016,NEW MEXICO,NM,"DE LA FUENTE, ROQUE """"ROCKY""""",AMERICAN DELTA PARTY,475,798319
2016,NEW YORK,NY,"CLINTON, HILLARY",DEMOCRAT,4379789,7802084
2016,NEW YORK,NY,"TRUMP, DONALD J.",REPUBLICAN,2527142,7802084
2016,NEW YORK,NY,"TRUMP, DONALD J.",CONSERVATIVE,292392,7802084
2016,NEW YORK,NY,"CLINTON, HILLARY",WORKING FAMILIES,140041,7802084
2016,NEW YORK,NY,"JOHNSON, GARY",INDEPENDENCE,119156,7802084
2016,NEW YORK,NY,"STEIN, JILL",GREEN,107934,7802084
2016,NEW YORK,NY,"JOHNSON, GARY",LIBERTARIAN,57442,7802084
2016,NEW YORK,NY,"CLINTON, HILLARY",WOMEN'S EQUALITY,36294,7802084
2016,NORTH CAROLINA,NC,"TRUMP, DONALD J.",REPUBLICAN,2362631,4741564
2016,NORTH CAROLINA,NC,"CLINTON, HILLARY",DEMOCRAT,2189316,4741564
2016,NORTH CAROLINA,NC,"JOHNSON, GARY",LIBERTARIAN,130126,4741564
2016,NORTH DAKOTA,ND,"TRUMP, DONALD J.",REPUBLICAN,216794,344360
2016,NORTH DAKOTA,ND,"CLINTON, HILLARY",DEMOCRAT,93758,344360
2016,NORTH DAKOTA,ND,"JOHNSON, GARY",LIBERTARIAN,21434,344360
2016,NORTH DAKOTA,ND,"STEIN, JILL",GREEN,3780,344360
2016,NORTH DAKOTA,ND,"CASTLE, DARRELL L.",CONSTITUTION PARTY,1833,344360
2016,NORTH DAKOTA,ND,"DE LA FUENTE, ROQUE """"ROCKY""""",AMERICAN DELTA PARTY,364,344360
2016,OHIO,OH,"TRUMP, DONALD J.",REPUBLICAN,2841005,5496487
2016,OHIO,OH,"CLINTON, HILLARY",DEMOCRAT,2394164,5496487
2016,OHIO,OH,"STEIN, JILL",GREEN,46271,5496487
2016,OKLAHOMA,OK,"TRUMP, DONALD J.",REPUBLICAN,949136,1452992
2016,OKLAHOMA,OK,"CLINTON, HILLARY",DEMOCRAT,420375,1452992
2016,OKLAHOMA,OK,"JOHNSON, GARY",LIBERTARIAN,83481,1452992
2016,OREGON,OR,"CLINTON, HILLARY",DEMOCRAT,1002106,2001336
2016,OREGON,OR,"TRUMP, DONALD J.",REPUBLICAN,782403,2001336
2016,OREGON,OR,"JOHNSON, GARY",LIBERTARIAN,94231,2001336
2016,OREGON,OR,"STEIN, JILL",GREEN,50002,2001336
2016,PENNSYLVANIA,PA,"TRUMP, DONALD J.",REPUBLICAN,2970733,6115402
2016,PENNSYLVANIA,PA,"CLINTON, HILLARY",DEMOCRAT,2926441,6115402
2016,PENNSYLVANIA,PA,"JOHNSON, GARY",LIBERTARIAN,146715,6115402
2016,PENNSYLVANIA,PA,"STEIN, JILL",GREEN,49941,6115402
2016,PENNSYLVANIA,PA,"CASTLE, DARRELL L.",CONSTITUTION PARTY,21572,6115402
2016,RHODE ISLAND,RI,"CLINTON, HILLARY",DEMOCRAT,252525,464144
2016,RHODE ISLAND,RI,"TRUMP, DONALD J.",REPUBLICAN,180543,464144
2016,RHODE ISLAND,RI,"JOHNSON, GARY",LIBERTARIAN,14746,464144
2016,RHODE ISLAND,RI,"STEIN, JILL",GREEN,6220,464144
2016,RHODE ISLAND,RI,"DE LA FUENTE, ROQUE """"ROCKY""""",AMERICAN DELTA PARTY,671,464144
2016,SOUTH CAROLINA,SC,"TRUMP, DONALD J.",REPUBLICAN,1155389,2103027
2016,SOUTH CAROLINA,SC,"CLINTON, HILLARY",DEMOCRAT,855373,2103027
2016,SOUTH CAROLINA,SC,"JOHNSON, GARY",LIBERTARIAN,49204,2103027
2016,SOUTH CAROLINA,SC,"MCMULLIN, EVAN",INDEPENDENCE,21016,2103027
2016,SOUTH CAROLINA,SC,"STEIN, JILL",GREEN,13034,2103027
2016,SOUTH CAROLINA,SC,"CASTLE, DARRELL L.",CONSTITUTION PARTY,5765,2103027
2016,SOUTH CAROLINA,SC,"SKEWES, PETER",AMERICAN,3246,2103027
2016,SOUTH DAKOTA,SD,"TRUMP, DONALD J.",REPUBLICAN,227721,370093
2016,SOUTH DAKOTA,SD,"CLINTON, HILLARY",DEMOCRAT,117458,370093
2016,SOUTH DAKOTA,SD,"JOHNSON, GARY",LIBERTARIAN,20850,370093
2016,SOUTH DAKOTA,SD,"CASTLE, DARRELL L.",CONSTITUTION PARTY,4064,370093
2016,TENNESSEE,TN,"TRUMP, DONALD J.",REPUBLICAN,1522925,2508027
2016,TENNESSEE,TN,"CLINTON, HILLARY",DEMOCRAT,870695,2508027
2016,TEXAS,TX,"TRUMP, DONALD J.",REPUBLICAN,4685047,8969226
2016,TEXAS,TX,"CLINTON, HILLARY",DEMOCRAT,3877868,8969226
2016,TEXAS,TX,"JOHNSON, GARY",LIBERTARIAN,283492,8969226
2016,TEXAS,TX,"STEIN, JILL",GREEN,71558,8969226
2016,UTAH,UT,"TRUMP, DONALD J.",REPUBLICAN,515211,1131317
2016,UTAH,UT,"CLINTON, HILLARY",DEMOCRAT,310674,1131317
2016,UTAH,UT,"MCMULLIN, EVAN",NO PARTY AFFILIATION,255060,1131317
2016,UTAH,UT,"JOHNSON, GARY",LIBERTARIAN,39608,1131317
2016,UTAH,UT,"CASTLE, DARRELL L.",CONSTITUTION PARTY,8032,1131317
2016,UTAH,UT,"KOPITKE, KYLE KENLEY",INDEPENDENT AMERICAN,2732,1131317
2016,VERMONT,VT,"CLINTON, HILLARY",DEMOCRAT,178573,320467
2016,VERMONT,VT,"TRUMP, DONALD J.",REPUBLICAN,95369,320467
2016,VERMONT,VT,"JOHNSON, GARY",LIBERTARIAN,10078,320467
2016,VERMONT,VT,"STEIN, JILL",GREEN,6758,320467
2016,VERMONT,VT,"DE LA FUENTE, ROQUE """"ROCKY""""",INDEPENDENT,1063,320467
2016,VERMONT,VT,"LA RIVA, GLORIA ESTELLA",LIBERTY UNION PARTY,327,320467
2016,VIRGINIA,VA,"CLINTON, HILLARY",DEMOCRAT,1981473,3982752
2016,VIRGINIA,VA,"TRUMP, DONALD J.",REPUBLICAN,1769443,3982752
2016,VIRGINIA,VA,"JOHNSON, GARY",LIBERTARIAN,118274,3982752
2016,VIRGINIA,VA,"MCMULLIN, EVAN",INDEPENDENT,54054,3982752
2016,VIRGINIA,VA,"STEIN, JILL",GREEN,27638,3982752
2016,WASHINGTON,WA,"CLINTON, HILLARY",DEMOCRAT,1742718,3317019
2016,WASHINGTON,WA,"TRUMP, DONALD J.",REPUBLICAN,1221747,3317019
2016,WASHINGTON,WA,"JOHNSON, GARY",LIBERTARIAN,160879,3317019
2016,WASHINGTON,WA,"STEIN, JILL",GREEN,58417,3317019
2016,WASHINGTON,WA,"CASTLE, DARRELL L.",CONSTITUTION PARTY,17623,3317019
2016,WASHINGTON,WA,"KENNEDY, ALYSON",SOCIALIST WORKERS,4307,3317019
2016,WASHINGTON,WA,"LA RIVA, GLORIA ESTELLA",SOCIALISM AND LIBERATION PARTY,3523,3317019
2016,WEST VIRGINIA,WV,"TRUMP, DONALD J.",REPUBLICAN,489371,713051
2016,WEST VIRGINIA,WV,"CLINTON, HILLARY",DEMOCRAT,188794,713051
2016,WEST VIRGINIA,WV,"JOHNSON, GARY",LIBERTARIAN,23004,713051
2016,WEST VIRGINIA,WV,"STEIN, JILL",GREEN,8075,713051
2016,WEST VIRGINIA,WV,"CASTLE, DARRELL L.",CONSTITUTION PARTY,3807,713051
2016,WISCONSIN,WI,"TRUMP, DONALD J.",REPUBLICAN,1405284,2976150
2016,WISCONSIN,WI,"CLINTON, HILLARY",DEMOCRAT,1382536,2976150
2016,WISCONSIN,WI,"JOHNSON, GARY",LIBERTARIAN,106674,2976150
2016,WISCONSIN,WI,"STEIN, JILL",GREEN,31072,2976150
2016,WISCONSIN,WI,"CASTLE, DARRELL L.",CONSTITUTION PARTY,12162,2976150
2016,WISCONSIN,WI,"MOOREHEAD, MONICA",WORKERS WORLD PARTY,1770,2976150
2016,WISCONSIN,WI,"DE LA FUENTE, ROQUE """"ROCKY""""",AMERICAN DELTA PARTY,1502,2976150
2016,WYOMING,WY,"TRUMP, DONALD J.",REPUBLICAN,174419,258788
2016,WYOMING,WY,"CLINTON, HILLARY",DEMOCRAT,55973,258788
2016,WYOMING,WY,"JOHNSON, GARY",LIBERTARIAN,13287,258788
2016,WYOMING,WY,"CASTLE, DARRELL L.",CONSTITUTION PARTY,2042,258788
2020,ALABAMA,AL,"BIDEN, JOSEPH R. JR",DEMOCRAT,849624,2323282
2020,ALABAMA,AL,"TRUMP, DONALD J.",REPUBLICAN,1441170,2323282
2020,ALABAMA,AL,"JORGENSEN, JO",LIBERTARIAN,25176,2323282
2020,ALASKA,AK,"BIDEN, JOSEPH R. JR",DEMOCRAT,153778,359530
2020,ALASKA,AK,"TRUMP, DONALD J.",REPUBLICAN,189951,359530
2020,ALASKA,AK,"JORGENSEN, JO",LIBERTARIAN,8897,359530
2020,ALASKA,AK,"DE LA FUENTE, ROQUE """"ROCKY""""",ALLIANCE,318,359530
2020,ALASKA,AK,"PIERCE, BROCK",INDEPENDENT,825,359530
2020,ALASKA,AK,"JANOS, JAMES G. ""JESSE VENTURA""",GREEN,2673,359530
2020,ALASKA,AK,"BLANKENSHIP, DON",CONSTITUTION PARTY,1127,359530
2020,ARIZONA,AZ,"BIDEN, JOSEPH R. JR",DEMOCRAT,1672143,3387326
2020,ARIZONA,AZ,"TRUMP, DONALD J.",REPUBLICAN,1661686,3387326
2020,ARIZONA,AZ,"JORGENSEN, JO",LIBERTARIAN,51465,3387326
2020,ARIZONA,AZ,"LA RIVA, GLORIA ESTELLA",PARTY FOR SOCIALISM AND LIBERATION,190,3387326
2020,ARIZONA,AZ,"CUMMINGS, DANIEL CLYDE",CONSTITUTION PARTY,36,3387326
2020,ARIZONA,AZ,"SIMMONS, JADE",INDEPENDENT,236,3387326
2020,ARIZONA,AZ,"BODDIE, R. PRESIDENT",INDEPENDENT,13,3387326
2020,ARIZONA,AZ,"HAWKINS, HOWIE",GREEN,1557,3387326
2020,ARKANSAS,AR,"CARROLL, BRIAN",AMERICAN SOLIDARITY PARTY,1713,1219069
2020,ARKANSAS,AR,"BLANKENSHIP, DON",CONSTITUTION PARTY,2108,1219069
2020,ARKANSAS,AR,"BIDEN, JOSEPH R. JR",DEMOCRAT,423932,1219069
2020,ARKANSAS,AR,"HAWKINS, HOWIE",GREEN,2980,1219069
2020,ARKANSAS,AR,"PIERCE, BROCK",INDEPENDENT,2141,1219069
2020,ARKANSAS,AR,"GAMMON, C. L.",INDEPENDENT,1475,1219069
2020,ARKANSAS,AR,"WEST, KANYE",INDEPENDENT,4099,1219069
2020,ARKANSAS,AR,"COLLINS, PHIL",INDEPENDENT,2812,1219069
2020,ARKANSAS,AR,"DE LA FUENTE, ROQUE """"ROCKY""""",INDEPENDENT,1321,1219069
2020,ARKANSAS,AR,"JORGENSEN, JO",LIBERTARIAN,13133,1219069
2020,ARKANSAS,AR,"MYERS, JOHN RICHARD",LIFE AND LIBERTY PARTY,1372,1219069
2020,ARKANSAS,AR,"TRUMP, DONALD J.",REPUBLICAN,760647,1219069
2020,ARKANSAS,AR,"LA RIVA, GLORIA ESTELLA",PARTY FOR SOCIALISM AND LIBERATION,1336,1219069
2020,CALIFORNIA,CA,"BIDEN, JOSEPH R. JR",DEMOCRAT,11110250,17500881
2020,CALIFORNIA,CA,"TRUMP, DONALD J.",REPUBLICAN,6006429,17500881
2020,CALIFORNIA,CA,"JORGENSEN, JO",LIBERTARIAN,187895,17500881
2020,CALIFORNIA,CA,"HAWKINS, HOWIE",GREEN,81029,17500881
2020,CALIFORNIA,CA,"DE LA FUENTE, ROQUE """"ROCKY""""",AMERICAN INDEPENDENT,60160,17500881
2020,CALIFORNIA,CA,"LA RIVA, GLORIA ESTELLA",PEACE & FREEDOM,51037,17500881
2020,CALIFORNIA,CA,"CARROLL, BRIAN",AMERICAN SOLIDARITY PARTY,2605,17500881
2020,CALIFORNIA,CA,"JANOS, JAMES G. ""JESSE VENTURA""",INDEPENDENT,611,17500881
2020,CALIFORNIA,CA,MARK CHARLES,INDEPENDENT,559,17500881
2020,CALIFORNIA,CA,"PIERCE, BROCK",INDEPENDENT,185,17500881
2020,CALIFORNIA,CA,JOSEPH KISHORE,INDEPENDENT,121,17500881
2020,COLORADO,CO,"BIDEN, JOSEPH R. JR",DEMOCRAT,1804352,3279980
2020,COLORADO,CO,"TRUMP, DONALD J.",REPUBLICAN,1364607,3279980
2020,COLORADO,CO,"JORGENSEN, JO",LIBERTARIAN,52460,3279980
2020,COLORADO,CO,"HAWKINS, HOWIE",GREEN,8986,3279980
2020,COLORADO,CO,"LA RIVA, GLORIA ESTELLA",PARTY FOR SOCIALISM AND LIBERATION,1035,3279980
2020,COLORADO,CO,"DE LA FUENTE, ROQUE """"ROCKY""""",ALLIANCE,636,3279980
2020,COLORADO,CO,"PIERCE, BROCK",INDEPENDENT,572,3279980
2020,COLORADO,CO,"WEST, KANYE",INDEPENDENT,8089,3279980
2020,COLORADO,CO,"BLANKENSHIP, DON",CONSTITUTION PARTY,5061,3279980
2020,COLORADO,CO,"HAMMONS, BILL",UNITY PARTY,2730,3279980
2020,COLORADO,CO,"HUBER, BLAKE",APPROVAL VOTING PARTY,355,3279980
2020,COLORADO,CO,"CARROLL, BRIAN",AMERICAN SOLIDARITY PARTY,25515,3279980
2020,COLORADO,CO,"CHARLES, MARK",INDEPENDENT,2011,3279980
2020,COLORADO,CO,"COLLINS, PHIL",PROHIBITION PARTY,568,3279980
2020,COLORADO,CO,"HUNTER, PHIL",PROGRESSIVE PARTY,379,3279980
2020,COLORADO,CO,"JACOB?FAMBRO, PRINCESS KHADIJAH MARYAM",INDEPENDENT,495,3279980
2020,COLORADO,CO,"KENNEDY, ALYSON",SOCIALIST WORKERS PARTY,354,3279980
2020,COLORADO,CO,"KISHORE, JOSEPH",SOCIALIST EQUALITY PARTY,196,3279980
2020,COLORADO,CO,"KOPITKE, KYLE KENLEY",INDEPENDENT AMERICAN PARTY,762,3279980
2020,COLORADO,CO,"MCHUGH, JOE",INDEPENDENT,614,3279980
2020,COLORADO,CO,"SCOTT, JORDAN ""CANCER""",INDEPENDENT,175,3279980
2020,COLORADO,CO,"CELLA, TODD",INDEPENDENT,4,3279980
2020,COLORADO,CO,"HOEFLING, TOM",NON-AFFILIATED,24,3279980
2020,CONNECTICUT,CT,"BIDEN, JOSEPH R. JR",DEMOCRAT,1080831,1823857
2020,CONNECTICUT,CT,"TRUMP, DONALD J.",REPUBLICAN,714717,1823857
2020,CONNECTICUT,CT,"JORGENSEN, JO",LIBERTARIAN,20230,1823857
2020,CONNECTICUT,CT,"HAWKINS, HOWIE",GREEN,7538,1823857
2020,CONNECTICUT,CT,"CARROLL, BRIAN",AMERICAN SOLIDARITY PARTY,219,1823857
2020,CONNECTICUT,CT,"CHARLES, MARK",INDEPENDENT,11,1823857
2020,CONNECTICUT,CT,"WELLS, KASEY",NON-AFFILIATED,6,1823857
2020,CONNECTICUT,CT,"DE LA FUENTE, ROQUE """"ROCKY""""",ALLIANCE,13,1823857
2020,CONNECTICUT,CT,"SIMMONS, JADE",INDEPENDENT,22,1823857
2020,CONNECTICUT,CT,"WEST, KANYE",INDEPENDENT,255,1823857
2020,DELAWARE,DE,"CARROLL, BRIAN",AMERICAN SOLIDARITY PARTY,87,504346
2020,DELAWARE,DE,"PIERCE, BROCK",INDEPENDENT,5,504346
2020,DELAWARE,DE,"LA RIVA, GLORIA ESTELLA",PARTY FOR SOCIALISM AND LIBERATION,14,504346
2020,DELAWARE,DE,"SIMMONS, JADE",INDEPENDENT,28,504346
2020,DELAWARE,DE,"WEST, KANYE",INDEPENDENT,169,504346
2020,DELAWARE,DE,"WELLS, KASEY",NON-AFFILIATED,1,504346
2020,DELAWARE,DE,"CHARLES, MARK",INDEPENDENT,8,504346
2020,DELAWARE,DE,"BODDIE, R. PRESIDENT",INDEPENDENT,1,504346
2020,DELAWARE,DE,"JACOB?FAMBRO, PRINCESS KHADIJAH MARYAM",INDEPENDENT,2,504346
2020,DELAWARE,DE,"CELLA, TODD",INDEPENDENT,2,504346
2020,DELAWARE,DE,"HOEFLING, TOM",NON-AFFILIATED,1,504346
2020,DELAWARE,DE,"BIDEN, JOSEPH R. JR",DEMOCRAT,296268,504346
2020,DELAWARE,DE,"TRUMP, DONALD J.",REPUBLICAN,200603,504346
2020,DELAWARE,DE,"JORGENSEN, JO",LIBERTARIAN,5000,504346
2020,DELAWARE,DE,"HAWKINS, HOWIE",GREEN,2139,504346
2020,DISTRICT OF COLUMBIA,DC,"BIDEN, JOSEPH R. JR",DEMOCRAT,317323,344356
2020,DISTRICT OF COLUMBIA,DC,"TRUMP, DONALD J.",REPUBLICAN,18586,344356
2020,DISTRICT OF COLUMBIA,DC,"JORGENSEN, JO",LIBERTARIAN,2036,344356
2020,DISTRICT OF COLUMBIA,DC,"HAWKINS, HOWIE",DC STATEHOOD GREEN,1726,344356
2020,DISTRICT OF COLUMBIA,DC,"LA RIVA, GLORIA ESTELLA",INDEPENDENT,855,344356
2020,DISTRICT OF COLUMBIA,DC,"PIERCE, BROCK",INDEPENDENT,693,344356
2020,FLORIDA,FL,"BIDEN, JOSEPH R. JR",DEMOCRAT,5297045,11067456
2020,FLORIDA,FL,"TRUMP, DONALD J.",REPUBLICAN,5668731,11067456
2020,FLORIDA,FL,"JORGENSEN, JO",LIBERTARIAN,70324,11067456
2020,FLORIDA,FL,"HAWKINS, HOWIE",GREEN,14721,11067456
2020,FLORIDA,FL,"LA RIVA, GLORIA ESTELLA",PARTY FOR SOCIALISM AND LIBERATION,5712,11067456
2020,FLORIDA,FL,"DE LA FUENTE, ROQUE """"ROCKY""""",ALLIANCE,5966,11067456
2020,FLORIDA,FL,"BLANKENSHIP, DON",CONSTITUTION PARTY,3902,11067456
2020,FLORIDA,FL,"WELLS, KASEY",NON-AFFILIATED,8,11067456
2020,FLORIDA,FL,"SIMMONS, JADE",INDEPENDENT,181,11067456
2020,FLORIDA,FL,"CARROLL, BRIAN",AMERICAN SOLIDARITY PARTY,854,11067456
2020,GEORGIA,GA,"CARROLL, BRIAN",AMERICAN SOLIDARITY PARTY,701,4999960
2020,GEORGIA,GA,"BLANKENSHIP, DON",CONSTITUTION PARTY,61,4999960
2020,GEORGIA,GA,"LA RIVA, GLORIA ESTELLA",PARTY FOR SOCIALISM AND LIBERATION,159,4999960
2020,GEORGIA,GA,"HAWKINS, HOWIE",GREEN,1013,4999960
2020,GEORGIA,GA,"SIMMONS, JADE",INDEPENDENT,181,4999960
2020,GEORGIA,GA,"WELLS, KASEY",NON-AFFILIATED,6,4999960
2020,GEORGIA,GA,"CHARLES, MARK",INDEPENDENT,65,4999960
2020,GEORGIA,GA,"BODDIE, R. PRESIDENT",INDEPENDENT,8,4999960
2020,GEORGIA,GA,"JACOB?FAMBRO, PRINCESS KHADIJAH MARYAM",INDEPENDENT,7,4999960
2020,GEORGIA,GA,"BIDEN, JOSEPH R. JR",DEMOCRAT,2473633,4999960
2020,GEORGIA,GA,"TRUMP, DONALD J.",REPUBLICAN,2461854,4999960
2020,GEORGIA,GA,"JORGENSEN, JO",LIBERTARIAN,62229,4999960
2020,HAWAII,HI,"BIDEN, JOSEPH R. JR",DEMOCRAT,366130,579784
2020,HAWAII,HI,"TRUMP, DONALD J.",REPUBLICAN,196864,579784
2020,HAWAII,HI,"JORGENSEN, JO",LIBERTARIAN,5539,579784
2020,HAWAII,HI,"HAWKINS, HOWIE",GREEN,3822,579784
2020,HAWAII,HI,"PIERCE, BROCK",AMERICAN SHOPPING PARTY,1183,579784
2020,HAWAII,HI,"BLANKENSHIP, DON",CONSTITUTION PARTY,931,579784
2020,IDAHO,ID,"BIDEN, JOSEPH R. JR",DEMOCRAT,287021,868014
2020,IDAHO,ID,"TRUMP, DONALD J.",REPUBLICAN,554119,868014
2020,IDAHO,ID,"JORGENSEN, JO",LIBERTARIAN,16404,868014
2020,IDAHO,ID,"HAWKINS, HOWIE",GREEN,407,868014
2020,IDAHO,ID,"PIERCE, BROCK",INDEPENDENT,2808,868014
2020,IDAHO,ID,"BLANKENSHIP, DON",CONSTITUTION PARTY,1886,868014
2020,IDAHO,ID,"DE LA FUENTE, ROQUE """"ROCKY""""",INDEPENDENT,1491,868014
2020,IDAHO,ID,"WEST, KANYE",INDEPENDENT,3632,868014
2020,IDAHO,ID,"LA RIVA, GLORIA ESTELLA",PARTY FOR SOCIALISM AND LIBERATION,49,868014
2020,IDAHO,ID,"CARROLL, BRIAN",AMERICAN SOLIDARITY PARTY,163,868014
2020,IDAHO,ID,"CELLA, TODD",INDEPENDENT,1,868014
2020,IDAHO,ID,"HOEFLING, TOM",NON-AFFILIATED,7,868014
2020,IDAHO,ID,"SIMMONS, JADE",INDEPENDENT,21,868014
2020,ILLINOIS,IL,"BIDEN, JOSEPH R. JR",DEMOCRAT,3471915,6033743
2020,ILLINOIS,IL,"TRUMP, DONALD J.",REPUBLICAN,2446891,6033743
2020,ILLINOIS,IL,"JORGENSEN, JO",LIBERTARIAN,66544,6033743
2020,ILLINOIS,IL,"HAWKINS, HOWIE",GREEN,30494,6033743
2020,ILLINOIS,IL,"CARROLL, BRIAN",AMERICAN SOLIDARITY PARTY,9548,6033743
2020,ILLINOIS,IL,"LA RIVA, GLORIA ESTELLA",PARTY FOR SOCIALISM AND LIBERATION,8046,6033743
2020,ILLINOIS,IL,"SIMMONS, JADE",INDEPENDENT,78,6033743
2020,ILLINOIS,IL,MARK CHARLES,INDEPENDENT,75,6033743
2020,ILLINOIS,IL,"WELLS, KASEY",NON-AFFILIATED,18,6033743
2020,ILLINOIS,IL,"BLANKENSHIP, DON",CONSTITUTION PARTY,18,6033743
2020,ILLINOIS,IL,"KISHORE, JOSEPH",INDEPENDENT,5,6033743
2020,ILLINOIS,IL,"COLLINS, PHIL",INDEPENDENT,3,6033743
2020,INDIANA,IN,"BIDEN, JOSEPH R. JR",DEMOCRAT,1242416,3033118
2020,INDIANA,IN,"TRUMP, DONALD J.",REPUBLICAN,1729519,3033118
2020,INDIANA,IN,"JORGENSEN, JO",LIBERTARIAN,59232,3033118
2020,INDIANA,IN,"HAWKINS, HOWIE",GREEN,988,3033118
2020,INDIANA,IN,"CARROLL, BRIAN",AMERICAN SOLIDARITY PARTY,893,3033118
2020,INDIANA,IN,"WELLS, KASEY",NON-AFFILIATED,1,3033118
2020,IOWA,IA,"TRUMP, DONALD J.",REPUBLICAN,897672,1700130
2020,IOWA,IA,"BIDEN, JOSEPH R. JR",DEMOCRAT,759061,1700130
2020,IOWA,IA,"DE LA FUENTE, ROQUE """"ROCKY""""",INDEPENDENT,1082,1700130
2020,IOWA,IA,"BLANKENSHIP, DON",CONSTITUTION PARTY,1707,1700130
2020,IOWA,IA,"KING, RICKI SUE",GENEOLOGY KNOW YOUR FAMILY HISTORY PARTY,546,1700130
2020,IOWA,IA,"HAWKINS, HOWIE",GREEN,3075,1700130
2020,IOWA,IA,"JORGENSEN, JO",LIBERTARIAN,19637,1700130
2020,IOWA,IA,"PIERCE, BROCK",INDEPENDENT,544,1700130
2020,IOWA,IA,"WEST, KANYE",INDEPENDENT,3210,1700130
2020,KANSAS,KS,"TRUMP, DONALD J.",REPUBLICAN,771406,1372303
2020,KANSAS,KS,"BIDEN, JOSEPH R. JR",DEMOCRAT,570323,1372303
2020,KANSAS,KS,"JORGENSEN, JO",LIBERTARIAN,30574,1372303
2020,KENTUCKY,KY,"TRUMP, DONALD J.",REPUBLICAN,1326646,2136768
2020,KENTUCKY,KY,"BIDEN, JOSEPH R. JR",DEMOCRAT,772474,2136768
2020,KENTUCKY,KY,"JORGENSEN, JO",LIBERTARIAN,26234,2136768
2020,KENTUCKY,KY,"WEST, KANYE",INDEPENDENT,6483,2136768
2020,KENTUCKY,KY,"PIERCE, BROCK",INDEPENDENT,3599,2136768
2020,KENTUCKY,KY,"HAWKINS, HOWIE",GREEN,716,2136768
2020,KENTUCKY,KY,"CARROLL, BRIAN",AMERICAN SOLIDARITY PARTY,408,2136768
2020,KENTUCKY,KY,"LA RIVA, GLORIA ESTELLA",PARTY FOR SOCIALISM AND LIBERATION,98,2136768
2020,KENTUCKY,KY,"CHARLES, MARK",INDEPENDENT,43,2136768
2020,KENTUCKY,KY,"SIMMONS, JADE",INDEPENDENT,29,2136768
2020,KENTUCKY,KY,"HOEFLING, TOM",NON-AFFILIATED,20,2136768
2020,KENTUCKY,KY,"BODDIE, R. PRESIDENT",INDEPENDENT,7,2136768
2020,KENTUCKY,KY,"WELLS, KASEY",NON-AFFILIATED,1,2136768
2020,LOUISIANA,LA,"BIDEN, JOSEPH R. JR",DEMOCRAT,856034,2148062
2020,LOUISIANA,LA,"JORGENSEN, JO",LIBERTARIAN,21645,2148062
2020,LOUISIANA,LA,"TRUMP, DONALD J.",REPUBLICAN,1255776,2148062
2020,LOUISIANA,LA,"CARROLL, BRIAN",AMERICAN SOLIDARITY PARTY,2497,2148062
2020,LOUISIANA,LA,JADE SIMMONS,BECOMING ONE NATION,1626,2148062
2020,LOUISIANA,LA,"BODDIE, R. PRESIDENT",C.U.P,1125,2148062
2020,LOUISIANA,LA,"BLANKENSHIP, DON",CONSTITUTION PARTY,860,2148062
2020,LOUISIANA,LA,"PIERCE, BROCK",FREEDOM AND PROSPERITY,749,2148062
2020,LOUISIANA,LA,"HOEFLING, TOM","LIFE , LIBERTY, CONSTITUTION",668,2148062
2020,LOUISIANA,LA,"LA RIVA, GLORIA ESTELLA",PARTY FOR SOCIALISM AND LIBERATION,987,2148062
2020,LOUISIANA,LA,"KENNEDY, ALYSON",SOCIALIST WORKERS PARTY,536,2148062
2020,LOUISIANA,LA,"WEST, KANYE",THE BIRTHDAY PARTY,4897,2148062
2020,LOUISIANA,LA,"HAMMONS, BILL",UNITY PARTY,662,2148062
2020,MAINE,ME,"BIDEN, JOSEPH R. JR",DEMOCRAT,435072,828305
2020,MAINE,ME,"JORGENSEN, JO",LIBERTARIAN,14152,828305
2020,MAINE,ME,"TRUMP, DONALD J.",REPUBLICAN,360737,828305
2020,MAINE,ME,"HAWKINS, HOWIE",GREEN,8230,828305
2020,MAINE,ME,"DE LA FUENTE, ROQUE """"ROCKY""""",ALLIANCE,1183,828305
2020,MARYLAND,MD,"TRUMP, DONALD J.",REPUBLICAN,976414,3037030
2020,MARYLAND,MD,"BIDEN, JOSEPH R. JR",DEMOCRAT,1985023,3037030
2020,MARYLAND,MD,"JORGENSEN, JO",LIBERTARIAN,33488,3037030
2020,MARYLAND,MD,"HAWKINS, HOWIE",GREEN,15799,3037030
2020,MARYLAND,MD,"SEGAL, JEROME M.",BREAD AND ROSES,5884,3037030
2020,MARYLAND,MD,"BODDIE, R. PRESIDENT",INDEPENDENT,4,3037030
2020,MARYLAND,MD,"CARROLL, BRIAN",AMERICAN SOLIDARITY PARTY,795,3037030
2020,MARYLAND,MD,"CELLA, TODD",INDEPENDENT,11,3037030
2020,MARYLAND,MD,"CHARLES, MARK",INDEPENDENT,30,3037030
2020,MARYLAND,MD,"COLLINS, PHIL",INDEPENDENT,10,3037030
2020,MARYLAND,MD,"DE LA FUENTE, ROQUE """"ROCKY""""",ALLIANCE,26,3037030
2020,MARYLAND,MD,"HOEFLING, TOM",NON-AFFILIATED,11,3037030
2020,MARYLAND,MD,"PIERCE, BROCK",INDEPENDENT,16,3037030
2020,MARYLAND,MD,"SIMMONS, JADE",BECOMING ONE NATION,131,3037030
2020,MARYLAND,MD,"WELLS, KASEY",NON-AFFILIATED,5,3037030
2020,MARYLAND,MD,"WEST, KANYE",THE BIRTHDAY PARTY,1117,3037030
2020,MARYLAND,MD,"LA RIVA, GLORIA ESTELLA",PARTY FOR SOCIALISM AND LIBERATION,125,3037030
2020,MASSACHUSETTS,MA,"BIDEN, JOSEPH R. JR",DEMOCRAT,2382202,3658005
2020,MASSACHUSETTS,MA,"TRUMP, DONALD J.",REPUBLICAN,1167202,3658005
2020,MASSACHUSETTS,MA,"JORGENSEN, JO",LIBERTARIAN,47013,3658005
2020,MASSACHUSETTS,MA,"HAWKINS, HOWIE",GREEN-RAINBOW,18658,3658005
2020,MICHIGAN,MI,"BIDEN, JOSEPH R. JR",DEMOCRAT,2804040,5539302
2020,MICHIGAN,MI,"TRUMP, DONALD J.",REPUBLICAN,2649852,5539302
2020,MICHIGAN,MI,"JORGENSEN, JO",LIBERTARIAN,60381,5539302
2020,MICHIGAN,MI,"BLANKENSHIP, DON",US TAXPAYERS PARTY,7235,5539302
2020,MICHIGAN,MI,"HAWKINS, HOWIE",GREEN,13718,5539302
2020,MICHIGAN,MI,"DE LA FUENTE, ROQUE """"ROCKY""""",NATURAL LAW,2986,5539302
2020,MICHIGAN,MI,"CARROLL, BRIAN",AMERICAN SOLIDARITY PARTY,963,5539302
2020,MICHIGAN,MI,"SIMMONS, JADE",BECOMING ONE NATION,89,5539302
2020,MICHIGAN,MI,"WELLS, KASEY",NON-AFFILIATED,5,5539302
2020,MINNESOTA,MN,"TRUMP, DONALD J.",REPUBLICAN,1484065,3277171
2020,MINNESOTA,MN,"BIDEN, JOSEPH R. JR",DEMOCRAT,1717077,3277171
2020,MINNESOTA,MN,"DE LA FUENTE, ROQUE """"ROCKY""""",ALLIANCE,5611,3277171
2020,MINNESOTA,MN,"HAWKINS, HOWIE",GREEN,10033,3277171
2020,MINNESOTA,MN,"WEST, KANYE",INDEPENDENT,7940,3277171
2020,MINNESOTA,MN,"PIERCE, BROCK",INDEPENDENT,5651,3277171
2020,MINNESOTA,MN,"LA RIVA, GLORIA ESTELLA",PARTY FOR SOCIALISM AND LIBERATION,1210,3277171
2020,MINNESOTA,MN,"KENNEDY, ALYSON",SOCIALIST WORKERS PARTY,643,3277171
2020,MINNESOTA,MN,"JORGENSEN, JO",LIBERTARIAN,34976,3277171
2020,MISSISSIPPI,MS,"BIDEN, JOSEPH R. JR",DEMOCRAT,539398,1313759
2020,MISSISSIPPI,MS,"TRUMP, DONALD J.",REPUBLICAN,756764,1313759
2020,MISSISSIPPI,MS,"BLANKENSHIP, DON",CONSTITUTION PARTY,1279,1313759
2020,MISSISSIPPI,MS,"CARROLL, BRIAN",AMERICAN SOLIDARITY PARTY,1161,1313759
2020,MISSISSIPPI,MS,"COLLINS, PHIL",INDEPENDENT,1317,1313759
2020,MISSISSIPPI,MS,"HAWKINS, HOWIE",GREEN,1498,1313759
2020,MISSISSIPPI,MS,"JORGENSEN, JO",LIBERTARIAN,8026,1313759
2020,MISSISSIPPI,MS,"PIERCE, BROCK",INDEPENDENT,659,1313759
2020,MISSISSIPPI,MS,"WEST, KANYE",INDEPENDENT,3657,1313759
2020,MISSOURI,MO,"TRUMP, DONALD J.",REPUBLICAN,1718736,3025962
2020,MISSOURI,MO,"BIDEN, JOSEPH R. JR",DEMOCRAT,1253014,3025962
2020,MISSOURI,MO,"JORGENSEN, JO",LIBERTARIAN,41205,3025962
2020,MISSOURI,MO,"HAWKINS, HOWIE",GREEN,8283,3025962
2020,MISSOURI,MO,"BLANKENSHIP, DON",CONSTITUTION PARTY,3919,3025962
2020,MISSOURI,MO,"WELLS, KASEY",NON-AFFILIATED,3,3025962
2020,MISSOURI,MO,"SIMMONS, JADE",BECOMING ONE NATION,74,3025962
2020,MISSOURI,MO,"CARROLL, BRIAN",AMERICAN SOLIDARITY PARTY,664,3025962
2020,MISSOURI,MO,"LA RIVA, GLORIA ESTELLA",PARTY FOR SOCIALISM AND LIBERATION,64,3025962
2020,MONTANA,MT,"JORGENSEN, JO",LIBERTARIAN,15252,603674
2020,MONTANA,MT,"TRUMP, DONALD J.",REPUBLICAN,343602,603674
2020,MONTANA,MT,"BIDEN, JOSEPH R. JR",DEMOCRAT,244786,603674
2020,MONTANA,MT,"SIMMONS, JADE",BECOMING ONE NATION,6,603674
2020,MONTANA,MT,"CHARLES, MARK",INDEPENDENT,23,603674
2020,NEBRASKA,NE,"TRUMP, DONALD J.",REPUBLICAN,556846,956383
2020,NEBRASKA,NE,"BIDEN, JOSEPH R. JR",DEMOCRAT,374583,956383
2020,NEBRASKA,NE,"JORGENSEN, JO",LIBERTARIAN,20283,956383
2020,NEVADA,NV,"JORGENSEN, JO",LIBERTARIAN,14783,1405376
2020,NEVADA,NV,"TRUMP, DONALD J.",REPUBLICAN,669890,1405376
2020,NEVADA,NV,"BIDEN, JOSEPH R. JR",DEMOCRAT,703486,1405376
2020,NEVADA,NV,"BLANKENSHIP, DON",INDEPENDENT AMERICAN PARTY,3138,1405376
2020,NEW HAMPSHIRE,NH,"JORGENSEN, JO",LIBERTARIAN,13235,806182
2020,NEW HAMPSHIRE,NH,"TRUMP, DONALD J.",REPUBLICAN,365654,806182
2020,NEW HAMPSHIRE,NH,"BIDEN, JOSEPH R. JR",DEMOCRAT,424921,806182
2020,NEW HAMPSHIRE,NH,"HAWKINS, HOWIE",GREEN,217,806182
2020,NEW JERSEY,NJ,"TRUMP, DONALD J.",REPUBLICAN,1883274,4549353
2020,NEW JERSEY,NJ,"BIDEN, JOSEPH R. JR",DEMOCRAT,2608335,4549353
2020,NEW JERSEY,NJ,"JORGENSEN, JO",LIBERTARIAN,31677,4549353
2020,NEW JERSEY,NJ,"HAWKINS, HOWIE",GREEN,14202,4549353
2020,NEW JERSEY,NJ,"HAMMONS, BILL",UNITY PARTY,3255,4549353
2020,NEW JERSEY,NJ,"BLANKENSHIP, DON",CONSTITUTION PARTY,2954,4549353
2020,NEW JERSEY,NJ,"LA RIVA, GLORIA ESTELLA",PARTY FOR SOCIALISM AND LIBERATION,2928,4549353
2020,NEW JERSEY,NJ,"DE LA FUENTE, ROQUE """"ROCKY""""",ALLIANCE,2728,4549353
2020,NEW MEXICO,NM,"HAWKINS, HOWIE",GREEN,4426,923965
2020,NEW MEXICO,NM,"JORGENSEN, JO",LIBERTARIAN,12585,923965
2020,NEW MEXICO,NM,"BIDEN, JOSEPH R. JR",DEMOCRAT,501614,923965
2020,NEW MEXICO,NM,"TITTLE, SHEILA ""SAMM""",CONSTITUTION PARTY,1806,923965
2020,NEW MEXICO,NM,"TRUMP, DONALD J.",REPUBLICAN,401894,923965
2020,NEW MEXICO,NM,"LA RIVA, GLORIA ESTELLA",PARTY FOR SOCIALISM AND LIBERATION,1640,923965
2020,NEW YORK,NY,"BIDEN, JOSEPH R. JR",DEMOCRAT,5230985,8661735
2020,NEW YORK,NY,"TRUMP, DONALD J.",REPUBLICAN,3244798,8661735
2020,NEW YORK,NY,"HAWKINS, HOWIE",GREEN,32753,8661735
2020,NEW YORK,NY,"JORGENSEN, JO",LIBERTARIAN,60234,8661735
2020,NEW YORK,NY,"PIERCE, BROCK",INDEPENDENT,22587,8661735
2020,NEW YORK,NY,"CARROLL, BRIAN",AMERICAN SOLIDARITY PARTY,805,8661735
2020,NEW YORK,NY,"LA RIVA, GLORIA ESTELLA",PARTY FOR SOCIALISM AND LIBERATION,376,8661735
2020,NEW YORK,NY,"WELLS, KASEY",INDEPENDENT,3,8661735
2020,NEW YORK,NY,"COLLINS, PHIL",PROHIBITION PARTY,9,8661735
2020,NEW YORK,NY,"SIMMONS, JADE",BECOMING ONE NATION,155,8661735
2020,NEW YORK,NY,"DE LA FUENTE, ROQUE """"ROCKY""""",ALLIANCE,20,8661735
2020,NEW YORK,NY,"KISHORE, JOSEPH",INDEPENDENT,28,8661735
2020,NEW YORK,NY,"WEST, KANYE",THE BIRTHDAY PARTY,1897,8661735
2020,NEW YORK,NY,"BLANKENSHIP, DON",CONSTITUTION PARTY,43,8661735
2020,NEW YORK,NY,"CHARLES, MARK",INDEPENDENT,98,8661735
2020,NORTH CAROLINA,NC,"TRUMP, DONALD J.",REPUBLICAN,2758773,5524802
2020,NORTH CAROLINA,NC,"BIDEN, JOSEPH R. JR",DEMOCRAT,2684292,5524802
2020,NORTH CAROLINA,NC,"JORGENSEN, JO",LIBERTARIAN,48678,5524802
2020,NORTH CAROLINA,NC,"HAWKINS, HOWIE",GREEN,12195,5524802
2020,NORTH CAROLINA,NC,"BLANKENSHIP, DON",CONSTITUTION PARTY,7549,5524802
2020,NORTH CAROLINA,NC,"SIMMONS, JADE",BECOMING ONE NATION,119,5524802
2020,NORTH DAKOTA,ND,"TRUMP, DONALD J.",REPUBLICAN,235595,361819
2020,NORTH DAKOTA,ND,"BIDEN, JOSEPH R. JR",DEMOCRAT,114902,361819
2020,NORTH DAKOTA,ND,"JORGENSEN, JO",LIBERTARIAN,9393,361819
2020,OHIO,OH,"TRUMP, DONALD J.",REPUBLICAN,3154834,5922202
2020,OHIO,OH,"BIDEN, JOSEPH R. JR",DEMOCRAT,2679165,5922202
2020,OHIO,OH,"JORGENSEN, JO",LIBERTARIAN,67569,5922202
2020,OHIO,OH,"BODDIE, R. PRESIDENT",INDEPENDENT,3,5922202
2020,OHIO,OH,"CARROLL, BRIAN",AMERICAN SOLIDARITY PARTY,1450,5922202
2020,OHIO,OH,"HAWKINS, HOWIE",GREEN,18812,5922202
2020,OHIO,OH,"SIMMONS, JADE",BECOMING ONE NATION,212,5922202
2020,OHIO,OH,"WELLS, KASEY",INDEPENDENT,16,5922202
2020,OKLAHOMA,OK,"TRUMP, DONALD J.",REPUBLICAN,1020280,1560699
2020,OKLAHOMA,OK,"BIDEN, JOSEPH R. JR",DEMOCRAT,503890,1560699
2020,OKLAHOMA,OK,"JORGENSEN, JO",LIBERTARIAN,24731,1560699
2020,OKLAHOMA,OK,"SIMMONS, JADE",INDEPENDENT,3654,1560699
2020,OKLAHOMA,OK,"WEST, KANYE",INDEPENDENT,5597,1560699
2020,OKLAHOMA,OK,"PIERCE, BROCK",INDEPENDENT,2547,1560699
2020,OREGON,OR,"TRUMP, DONALD J.",REPUBLICAN,958448,2374321
2020,OREGON,OR,"BIDEN, JOSEPH R. JR",DEMOCRAT,1340383,2374321
2020,OREGON,OR,"JORGENSEN, JO",LIBERTARIAN,41582,2374321
2020,OREGON,OR,"HAWKINS, HOWIE",PACIFIC GREEN,11831,2374321
2020,OREGON,OR,"HUNTER, DARIO",PROGRESSIVE PARTY,4988,2374321
2020,PENNSYLVANIA,PA,"TRUMP, DONALD J.",REPUBLICAN,3377674,6915283
2020,PENNSYLVANIA,PA,"BIDEN, JOSEPH R. JR",DEMOCRAT,3458229,6915283
2020,PENNSYLVANIA,PA,"JORGENSEN, JO",LIBERTARIAN,79380,6915283
2020,RHODE ISLAND,RI,"BIDEN, JOSEPH R. JR",DEMOCRAT,307486,516990
2020,RHODE ISLAND,RI,"TRUMP, DONALD J.",REPUBLICAN,199922,516990
2020,RHODE ISLAND,RI,"JORGENSEN, JO",LIBERTARIAN,5053,516990
2020,RHODE ISLAND,RI,"DE LA FUENTE, ROQUE """"ROCKY""""",ALLIANCE,923,516990
2020,RHODE ISLAND,RI,"LA RIVA, GLORIA ESTELLA",PARTY FOR SOCIALISM AND LIBERATION,847,516990
2020,SOUTH CAROLINA,SC,"CARROLL, BRIAN",AMERICAN SOLIDARITY PARTY,767,2514096
2020,SOUTH CAROLINA,SC,"HAWKINS, HOWIE",GREEN,6907,2514096
2020,SOUTH CAROLINA,SC,"TRUMP, DONALD J.",REPUBLICAN,1385103,2514096
2020,SOUTH CAROLINA,SC,"DE LA FUENTE, ROQUE """"ROCKY""""",ALLIANCE,1862,2514096
2020,SOUTH CAROLINA,SC,"JORGENSEN, JO",LIBERTARIAN,27916,2514096
2020,SOUTH CAROLINA,SC,"BIDEN, JOSEPH R. JR",DEMOCRAT,1091541,2514096
2020,SOUTH DAKOTA,SD,"TRUMP, DONALD J.",REPUBLICAN,261043,422609
2020,SOUTH DAKOTA,SD,"BIDEN, JOSEPH R. JR",DEMOCRAT,150471,422609
2020,SOUTH DAKOTA,SD,"JORGENSEN, JO",LIBERTARIAN,11095,422609
2020,TENNESSEE,TN,"TRUMP, DONALD J.",REPUBLICAN,1852475,3053851
2020,TENNESSEE,TN,"BIDEN, JOSEPH R. JR",DEMOCRAT,1143711,3053851
2020,TENNESSEE,TN,"BLANKENSHIP, DON",INDEPENDENT,5365,3053851
2020,TENNESSEE,TN,"DE LA FUENTE, ROQUE """"ROCKY""""",INDEPENDENT,1860,3053851
2020,TENNESSEE,TN,"HAWKINS, HOWIE",INDEPENDENT,4545,3053851
2020,TENNESSEE,TN,"JORGENSEN, JO",INDEPENDENT,29877,3053851
2020,TENNESSEE,TN,"KENNEDY, ALYSON",INDEPENDENT,2576,3053851
2020,TENNESSEE,TN,"LA RIVA, GLORIA ESTELLA",INDEPENDENT,2301,3053851
2020,TENNESSEE,TN,"WEST, KANYE",INDEPENDENT,10279,3053851
2020,TENNESSEE,TN,"BODDIE, R. PRESIDENT",INDEPENDENT,1,3053851
2020,TENNESSEE,TN,"CARROLL, BRIAN",AMERICAN SOLIDARITY PARTY,762,3053851
2020,TENNESSEE,TN,"SIMMONS, JADE",BECOMING ONE NATION,68,3053851
2020,TEXAS,TX,"TRUMP, DONALD J.",REPUBLICAN,5890347,11315056
2020,TEXAS,TX,"BIDEN, JOSEPH R. JR",DEMOCRAT,5259126,11315056
2020,TEXAS,TX,"JORGENSEN, JO",LIBERTARIAN,126243,11315056
2020,TEXAS,TX,"HAWKINS, HOWIE",GREEN,33396,11315056
2020,TEXAS,TX,"BODDIE, R. PRESIDENT",INDEPENDENT,2012,11315056
2020,TEXAS,TX,"CARROLL, BRIAN",AMERICAN SOLIDARITY PARTY,2785,11315056
2020,TEXAS,TX,"CELLA, TODD",INDEPENDENT,205,11315056
2020,TEXAS,TX,"LA RIVA, GLORIA ESTELLA",PARTY FOR SOCIALISM AND LIBERATION,350,11315056
2020,TEXAS,TX,"WELLS, KASEY",INDEPENDENT,114,11315056
2020,UTAH,UT,"PIERCE, BROCK",INDEPENDENT,2623,1488289
2020,UTAH,UT,"WEST, KANYE",THE BIRTHDAY PARTY,7213,1488289
2020,UTAH,UT,"BIDEN, JOSEPH R. JR",DEMOCRAT,560282,1488289
2020,UTAH,UT,"BLANKENSHIP, DON",CONSTITUTION PARTY,5551,1488289
2020,UTAH,UT,"JORGENSEN, JO",LIBERTARIAN,38447,1488289
2020,UTAH,UT,"HAWKINS, HOWIE",GREEN,5053,1488289
2020,UTAH,UT,"LA RIVA, GLORIA ESTELLA",PARTY FOR SOCIALISM AND LIBERATION,1139,1488289
2020,UTAH,UT,"TRUMP, DONALD J.",REPUBLICAN,865140,1488289
2020,UTAH,UT,"CARROLL, BRIAN",AMERICAN SOLIDARITY PARTY,368,1488289
2020,UTAH,UT,"SIMMONS, JADE",BECOMING ONE NATION,186,1488289
2020,UTAH,UT,"BODDIE, R. PRESIDENT",INDEPENDENT,6,1488289
2020,VERMONT,VT,"BIDEN, JOSEPH R. JR",DEMOCRAT,242820,370968
2020,VERMONT,VT,"TRUMP, DONALD J.",REPUBLICAN,112704,370968
2020,VERMONT,VT,"JORGENSEN, JO",LIBERTARIAN,3608,370968
2020,VERMONT,VT,"HAWKINS, HOWIE",GREEN,1310,370968
2020,VERMONT,VT,"WEST, KANYE",INDEPENDENT,1269,370968
2020,VERMONT,VT,"PAIGE, BROOKE H.",GRUMPY OLD PATRIOTS,1175,370968
2020,VERMONT,VT,"LAFONTAINE, CHRISTOPHER",INDEPENDENT,856,370968
2020,VERMONT,VT,"DUNCAN, RICHARD",INDEPENDENT,213,370968
2020,VERMONT,VT,"CARROLL, BRIAN",AMERICAN SOLIDARITY,209,370968
2020,VERMONT,VT,"BLANKENSHIP, DON",CONSTITUTION,208,370968
2020,VERMONT,VT,"KENNEDY, ALYSON",SOCIALIST WORKERS,195,370968
2020,VERMONT,VT,"LA RIVA, GLORIA ESTELLA",LIBERTY UNION,166,370968
2020,VERMONT,VT,"SWING, GARY",BOILING FROG,141,370968
2020,VERMONT,VT,"COLLINS, PHIL",PROHIBITION,137,370968
2020,VERMONT,VT,"MCCORMIC, KEITH",BULL MOOSE,126,370968
2020,VERMONT,VT,"PIERCE, BROCK",UNAFFILIATED,100,370968
2020,VERMONT,VT,"SEGAL, JEROME M.",BREAD AND ROSES,65,370968
2020,VERMONT,VT,"HUBER, BLAKE",APPROVAL VOTING,54,370968
2020,VERMONT,VT,"KOPITKE, KYLE KENLEY",INDEPENDENT,53,370968
2020,VERMONT,VT,"DE LA FUENTE, ROQUE """"ROCKY""""",ALLIANCE,48,370968
2020,VERMONT,VT,"SCALF, ZACHARY",INDEPENDENT,29,370968
2020,VIRGINIA,VA,"BIDEN, JOSEPH R. JR",DEMOCRAT,2413568,4460524
2020,VIRGINIA,VA,"TRUMP, DONALD J.",REPUBLICAN,1962430,4460524
2020,VIRGINIA,VA,"JORGENSEN, JO",LIBERTARIAN,64761,4460524
2020,WASHINGTON,WA,"BIDEN, JOSEPH R. JR",DEMOCRAT,2369612,4087631
2020,WASHINGTON,WA,"TRUMP, DONALD J.",REPUBLICAN,1584651,4087631
2020,WASHINGTON,WA,"JORGENSEN, JO",LIBERTARIAN,80500,4087631
2020,WASHINGTON,WA,"HAWKINS, HOWIE",GREEN,18289,4087631
2020,WASHINGTON,WA,"LA RIVA, GLORIA ESTELLA",PARTY FOR SOCIALISM AND LIBERATION,4840,4087631
2020,WASHINGTON,WA,"KENNEDY, ALYSON",SOCIALIST WORKERS PARTY,2487,4087631
2020,WEST VIRGINIA,WV,"BIDEN, JOSEPH R. JR",DEMOCRAT,235984,794652
2020,WEST VIRGINIA,WV,"TRUMP, DONALD J.",REPUBLICAN,545382,794652
2020,WEST VIRGINIA,WV,"JORGENSEN, JO",LIBERTARIAN,10687,794652
2020,WEST VIRGINIA,WV,"HAWKINS, HOWIE",GREEN,2599,794652
2020,WISCONSIN,WI,"BIDEN, JOSEPH R. JR",DEMOCRAT,1630866,3298041
2020,WISCONSIN,WI,"TRUMP, DONALD J.",REPUBLICAN,1610184,3298041
2020,WISCONSIN,WI,"BLANKENSHIP, DON",CONSTITUTION PARTY,5146,3298041
2020,WISCONSIN,WI,"JORGENSEN, JO",INDEPENDENT,38491,3298041
2020,WISCONSIN,WI,"CARROLL, BRIAN",AMERICAN SOLIDARITY PARTY,5259,3298041
2020,WISCONSIN,WI,"WELLS, KASEY",INDEPENDENT,25,3298041
2020,WISCONSIN,WI,"SIMMONS, JADE",BECOMING ONE NATION,36,3298041
2020,WISCONSIN,WI,"BODDIE, R. PRESIDENT",INDEPENDENT,5,3298041
2020,WISCONSIN,WI,"HAWKINS, HOWIE",GREEN,1089,3298041
2020,WISCONSIN,WI,"LA RIVA, GLORIA ESTELLA",PARTY FOR SOCIALISM AND LIBERATION,110,3298041
2020,WISCONSIN,WI,"WEST, KANYE",THE BIRTHDAY PARTY,411,3298041
2020,WISCONSIN,WI,"CHARLES, MARK",INDEPENDENT,52,3298041
2020,WYOMING,WY,"BIDEN, JOSEPH R. JR",DEMOCRAT,73491,278503
2020,WYOMING,WY,"TRUMP, DONALD J.",REPUBLICAN,193559,278503
2020,WYOMING,WY,"JORGENSEN, JO",LIBERTARIAN,5768,278503
2020,WYOMING,WY,"PIERCE, BROCK",INDEPENDENT,2208,278503
